{
    "invoice_id": "INV-98765",
    "date": "2025-05-20",
    "client": {
        "name": "Globex Corporation",
        "address": "456 Enterprise Ave, Los Angeles, CA 90001"
    },
    "items": [
        {
            "name": "Service A",
            "quantity": 1,
            "price": 1500.0
        },
        {
            "name": "Service B",
            "quantity": 2,
            "price": 750.0
        }
    ],
    "subtotal": 3000.0,
    "tax": 150.0,
    "total": 3150.0,
    "contact_email": "billing@globex.com",
    "id": "98765",
    "type": "Invoice",
    "amount": 3150.0
}